date,open,high,low,close,volume
2019-11-13,112.2,112.23,112.08,112.15,2598503.0
2019-11-14,112.5,112.57,112.43,112.47,2901048.0
2019-11-15,112.46,112.46,112.38,112.41,5078285.0
2019-11-18,112.56,112.65,112.52,112.62,6044518.0
2019-11-19,112.63,112.76,112.6,112.7,2655951.0
2019-11-20,112.83,112.98,112.81,112.97,3474473.0
2019-11-21,112.8,112.89,112.72,112.81,6522830.0
2019-11-22,112.89,112.9,112.76,112.87,2507046.0
2019-11-25,112.91,113.01,112.89,112.98,4392682.0
2019-11-26,113.09,113.16,113.08,113.14,2522234.0
2019-11-27,113.03,113.07,112.96,113.0,3437269.0
2019-11-29,113.01,113.02,112.85,112.86,4058982.0
2019-12-02,112.31,112.51,112.29,112.49,9329626.0
2019-12-03,112.8,113.13,112.76,113.0,5310615.0
2019-12-04,112.87,112.95,112.68,112.81,5806479.0
2019-12-05,112.58,112.74,112.53,112.68,4374749.0
2019-12-06,112.47,112.68,112.41,112.52,4648200.0
2019-12-09,112.69,112.72,112.57,112.58,7398338.0
2019-12-10,112.67,112.67,112.49,112.54,3761060.0
2019-12-11,112.67,112.9,112.61,112.84,3470043.0
2019-12-12,112.79,112.79,112.22,112.36,5080118.0
2019-12-13,112.58,112.86,112.4,112.81,5910984.0
2019-12-16,112.68,112.69,112.5,112.58,5012142.0
2019-12-17,112.69,112.7,112.52,112.59,3016266.0
2019-12-18,112.55,112.56,112.36,112.37,6516293.0
2019-12-19,112.19,112.36,112.13,112.3,5613828.0
2019-12-20,112.21,112.33,112.15,112.32,8809204.0
2019-12-23,112.38,112.39,112.18,112.24,3148580.0
2019-12-24,112.17,112.4,112.13,112.38,1887800.0
2019-12-26,112.42,112.49,112.32,112.48,6072100.0
2019-12-27,112.6,112.64,112.58,112.63,4733786.0
2019-12-30,112.42,112.65,112.34,112.63,3979075.0
2019-12-31,112.54,112.54,112.37,112.37,6807577.0
2020-01-02,112.68,112.8,112.56,112.68,6791422.0
2020-01-03,112.89,113.05,112.78,113.01,3664283.0
2020-01-06,113.13,113.13,112.84,112.92,8131608.0
2020-01-07,112.92,112.92,112.78,112.8,2882995.0
2020-01-08,112.85,112.94,112.55,112.67,7323117.0
2020-01-09,112.49,112.79,112.46,112.79,9110852.0
2020-01-10,112.9,112.99,112.82,112.98,4198053.0
2020-01-13,112.89,112.94,112.83,112.91,4465340.0
2020-01-14,112.97,113.02,112.93,113.01,3625422.0
2020-01-15,113.18,113.19,113.07,113.18,3896304.0
2020-01-16,113.16,113.21,113.05,113.18,2801378.0
2020-01-17,113.02,113.1,112.97,113.05,3003267.0
2020-01-21,113.25,113.41,113.22,113.37,4672052.0
2020-01-22,113.44,113.49,113.39,113.43,3627169.0
2020-01-23,113.64,113.7,113.58,113.58,3429530.0
2020-01-24,113.68,113.89,113.67,113.79,4199775.0
2020-01-27,114.14,114.16,114.05,114.14,4789955.0
2020-01-28,114.1,114.16,113.95,114.04,4463823.0
2020-01-29,114.13,114.35,114.11,114.3,2890161.0
2020-01-30,114.28,114.54,114.235,114.31,6885551.0
2020-01-31,114.48,114.67,114.38,114.65,5281895.0
2020-02-03,114.2,114.41,114.08,114.37,7214231.0
2020-02-04,114.1,114.1,113.89,113.99,5290765.0
2020-02-05,113.82,113.87,113.7601,113.82,6066905.0
2020-02-06,113.82,113.93,113.77,113.89,6838658.0
2020-02-07,114.2,114.28,114.1,114.22,5224176.0
2020-02-10,114.44,114.44,114.29,114.35,8187842.0
2020-02-11,114.35,114.35,114.19,114.21,5633359.0
2020-02-12,114.12,114.14,114.03,114.09,6373719.0
2020-02-13,114.11,114.24,114.1,114.17,5214383.0
2020-02-14,114.35,114.38,114.27,114.29,4004913.0
2020-02-18,114.48,114.56,114.34,114.44,4874767.0
2020-02-19,114.4,114.47,114.33,114.41,3692153.0
2020-02-20,114.53,114.68,114.49,114.67,4055975.0
2020-02-21,114.86,115.1,114.84,114.9,4492703.0
2020-02-24,115.43,115.43,115.23,115.27,7489214.0
2020-02-25,115.28,115.58,115.27,115.47,7474614.0
2020-02-26,115.32,115.61,115.26,115.35,4762967.0
2020-02-27,115.75,115.75,115.35,115.37,11606398.0
2020-02-28,115.88,116.34,115.76,116.22,17242966.0
2020-03-02,116.29,116.44,115.89,115.94,12998203.0
2020-03-03,116.05,117.26,116.01,116.73,12540985.0
2020-03-04,116.83,117.12,116.53,116.64,6285261.0
2020-03-05,116.99,117.23,116.93,117.0,6802750.0
2020-03-06,118.18,118.27,117.5,117.86,17456398.0
2020-03-09,119.27,119.27,117.0,117.71,12976064.0
2020-03-10,117.41,117.68,116.17,116.38,18581473.0
2020-03-11,116.7,116.79,114.55,114.72,13053279.0
2020-03-12,113.98,114.75,109.06,110.13,18683853.0
2020-03-13,111.53,112.46,110.25,111.86,24960479.0
2020-03-16,111.37,113.95,110.46,113.73,11802208.0
2020-03-17,112.89,113.92,110.59,110.79,15737203.0
2020-03-18,109.36,110.57,105.77,106.57,17047655.0
2020-03-19,106.47,109.22,105.56,108.95,11656981.0
2020-03-20,108.46,110.24,108.46,110.03,16403696.0
2020-03-23,109.9,112.94,109.0,112.64,12535448.0
2020-03-24,111.52,113.57,111.08,113.57,10253621.0
2020-03-25,114.0,114.75,113.7,114.73,10749719.0
2020-03-26,114.2,115.39,114.2,115.08,16610377.0
2020-03-27,114.78,115.58,114.53,115.57,10841700.0
2020-03-30,115.77,116.26,115.62,115.68,13340231.0
2020-03-31,115.71,115.98,115.23,115.37,14018631.0
2020-04-01,115.38,115.4,114.65,114.73,14192124.0
2020-04-02,115.02,115.22,114.7,114.9,11565380.0
2020-04-03,114.95,115.13,114.28,114.98,9786694.0
2020-04-06,115.02,115.61,115.02,115.54,8457712.0
2020-04-07,115.61,115.74,115.36,115.7,7743944.0
2020-04-08,115.7,115.97,115.55,115.81,4674198.0
2020-04-09,116.5,117.25,116.17,117.25,5584053.0
2020-04-13,117.09,117.17,116.53,116.7,5738262.0
2020-04-14,116.99,117.0,116.59,116.76,5506666.0
2020-04-15,117.03,117.31,116.71,117.24,4367410.0
2020-04-16,117.19,117.53,117.19,117.39,4744711.0
2020-04-17,117.52,117.62,117.04,117.25,4949823.0
2020-04-20,117.15,117.28,116.94,117.08,3847904.0
2020-04-21,117.43,117.44,117.07,117.14,4660507.0
2020-04-22,117.16,117.24,116.94,117.14,4647244.0
2020-04-23,117.33,117.45,117.19,117.42,4331115.0
2020-04-24,117.22,117.39,117.2,117.36,3162127.0
2020-04-27,117.21,117.36,116.82,116.82,5576262.0
2020-04-28,117.27,117.45,117.12,117.28,5889809.0
2020-04-29,117.29,117.48,117.2,117.36,4653103.0
2020-04-30,117.38,117.49,117.07,117.1,10387461.0
2020-05-01,116.97,117.1,116.68,116.87,6099465.0
2020-05-04,116.89,117.09,116.87,116.97,3684081.0
2020-05-05,116.96,116.97,116.81,116.88,4611519.0
2020-05-06,116.44,116.71,116.3,116.41,6298149.0
2020-05-07,116.61,116.77,116.42,116.77,3786651.0
2020-05-08,116.68,116.76,116.35,116.46,3443202.0
2020-05-11,116.4,116.43,116.07,116.11,5249464.0
2020-05-12,116.46,116.6,116.23,116.41,5931470.0
2020-05-13,116.63,116.76,116.45,116.6,4425907.0
2020-05-14,116.91,116.97,116.72,116.96,5698908.0
2020-05-15,117.04,117.09,116.9,117.03,5988770.0
2020-05-18,116.97,117.09,116.66,116.86,5037098.0
2020-05-19,116.91,117.03,116.81,116.99,4703983.0
2020-05-20,117.03,117.34,117.0,117.29,4579246.0
2020-05-21,117.35,117.48,117.32,117.38,5143735.0
2020-05-22,117.6,117.6,117.39,117.44,2794003.0
2020-05-26,117.38,117.44,117.24,117.25,5962078.0
2020-05-27,117.5,117.54,117.3,117.42,4772889.0
2020-05-28,117.14,117.35,117.14,117.34,11140153.0
2020-05-29,117.43,117.71,117.32,117.65,9228690.0
2020-06-01,117.35,117.4,117.24,117.37,5580035.0
2020-06-02,117.38,117.47,117.31,117.47,4286787.0
2020-06-03,117.26,117.41,117.06,117.18,6077613.0
2020-06-04,117.27,117.3,116.82,116.83,5002653.0
2020-06-05,116.75,116.91,116.48,116.9,4882613.0
2020-06-08,116.81,117.11,116.75,117.03,8551874.0
2020-06-09,117.31,117.33,117.18,117.18,5512256.0
2020-06-10,117.25,117.68,117.19,117.66,4680804.0
2020-06-11,117.73,117.8,117.44,117.46,7438791.0
2020-06-12,117.6,117.7,117.44,117.58,4571846.0
2020-06-15,117.72,117.98,117.61,117.97,5669970.0
2020-06-16,117.98,118.0,117.59,117.74,5327356.0
2020-06-17,117.74,117.76,117.47,117.64,3695970.0
2020-06-18,117.88,117.88,117.64,117.76,3356844.0
2020-06-19,117.8,117.97,117.74,117.8,2917425.0
2020-06-22,118.0,118.0,117.73,117.77,3315705.0
2020-06-23,117.79,117.83,117.69,117.75,3991363.0
2020-06-24,117.7,117.84,117.61,117.73,5040112.0
2020-06-25,117.94,117.95,117.8,117.87,4723348.0
2020-06-26,117.99,118.08,117.85,118.01,5683422.0
2020-06-29,118.01,118.11,117.95,118.11,3517292.0
2020-06-30,118.28,118.32,117.98,118.21,7451090.0
2020-07-01,117.9,118.07,117.76,118.05,6746893.0
2020-07-02,118.05,118.21,117.99,118.19,3614296.0
2020-07-06,118.18,118.21,118.0,118.18,5945100.0
2020-07-07,118.23,118.38,118.06,118.36,5454700.0
2020-07-08,118.35,118.45,118.22,118.32,5026777.0
2020-07-09,118.4,118.7,118.36,118.63,3804216.0
2020-07-10,118.83,118.83,118.45,118.49,3133855.0
2020-07-13,118.46,118.53,118.37,118.48,4803817.0
2020-07-14,118.58,118.74,118.58,118.67,3986720.0
2020-07-15,118.5,118.7,118.5,118.68,3403614.0
2020-07-16,118.83,118.89,118.74,118.76,3530270.0
2020-07-17,118.94,118.99,118.77,118.88,2548474.0
2020-07-20,119.03,119.06,118.91,119.01,3989211.0
2020-07-21,119.1,119.1,119.01,119.08,6098688.0
2020-07-22,119.22,119.27,119.11,119.18,6296788.0
2020-07-23,119.35,119.39,119.2517,119.32,12117179.0
2020-07-24,119.26,119.41,119.19,119.28,11071680.0
2020-07-27,119.4,119.42,119.15,119.2,5606050.0
2020-07-28,119.3,119.35,119.22,119.28,6080801.0
2020-07-29,119.3,119.4299,119.24,119.42,9727968.0
2020-07-30,119.51,119.54,119.4533,119.51,3052829.0
2020-07-31,119.45,119.63,119.4,119.56,5277863.0
2020-08-03,119.37,119.4,119.1903,119.4,13013685.0
2020-08-04,119.42,119.63,119.42,119.63,10935154.0
2020-08-05,119.39,119.49,119.31,119.4,17346073.0
2020-08-06,119.62,119.73,119.53,119.57,4608710.0
2020-08-07,119.66,119.73,119.395,119.43,5559066.0
2020-08-10,119.62,119.635,119.28,119.32,5152700.0
2020-08-11,119.11,119.21,118.84,118.99,7809897.0
2020-08-12,118.73,118.89,118.65,118.75,5524629.0
2020-08-13,118.78,118.78,118.24,118.31,8023792.0
2020-08-14,118.43,118.49,118.2,118.2,4556476.0
2020-08-17,118.38,118.47,118.305,118.36,3947083.0
2020-08-18,118.4279,118.6,118.42,118.53,4765813.0
2020-08-19,118.65,118.7,118.34,118.35,4540992.0
2020-08-20,118.58,118.71,118.56,118.56,4487506.0
2020-08-21,118.74,118.76,118.55,118.68,6373275.0
2020-08-24,118.72,118.82,118.6,118.63,4620863.0
2020-08-25,118.35,118.46,118.182,118.38,4002330.0
2020-08-26,118.35,118.4199,118.21,118.36,5139794.0
2020-08-27,118.55,118.56,117.95,117.95,5609698.0
2020-08-28,118.08,118.16,117.99,118.11,6467365.0
2020-08-31,118.14,118.51,118.14,118.37,10894506.0
2020-09-01,118.12,118.44,118.0,118.42,9844234.0
2020-09-02,118.42,118.71,118.34,118.66,4838532.0
2020-09-03,118.73,118.87,118.62,118.69,6856734.0
2020-09-04,118.41,118.52,118.08,118.1,5366819.0
2020-09-08,118.34,118.46,118.2,118.23,8894007.0
2020-09-09,118.39,118.39,118.04,118.22,7824768.0
2020-09-10,118.15,118.29,118.015,118.23,4932623.0
2020-09-11,118.42,118.49,118.24,118.37,8200474.0
2020-09-14,118.47,118.49,118.31,118.38,6394336.0
2020-09-15,118.29,118.425,118.29,118.39,4163037.0
2020-09-16,118.53,118.53,118.2,118.33,6452562.0
2020-09-17,118.5,118.52,118.33,118.36,4882182.0
2020-09-18,118.44,118.44,118.18,118.22,5149369.0
2020-09-21,118.41,118.42,118.24,118.24,6191910.0
2020-09-22,118.25,118.38,118.2433,118.33,4390186.0
2020-09-23,118.35,118.35,118.07,118.08,5392884.0
2020-09-24,118.01,118.16,118.01,118.09,4145039.0
2020-09-25,118.12,118.17,118.05,118.13,5138241.0
2020-09-28,118.18,118.23,118.11,118.23,5830389.0
2020-09-29,118.28,118.33,118.21,118.25,5301718.0
2020-09-30,118.26,118.26,117.9516,118.06,6090816.0
2020-10-01,117.81,118.04,117.75,118.02,9741805.0
2020-10-02,118.03,118.04,117.81,117.9,5599555.0
2020-10-05,117.74,117.74,117.52,117.52,4890812.0
2020-10-06,117.6,117.84,117.49,117.62,4338717.0
2020-10-07,117.53,117.66,117.4515,117.54,4801667.0
2020-10-08,117.67,117.71,117.59,117.69,4235989.0
2020-10-09,117.65,117.74,117.5,117.72,2909311.0
2020-10-12,117.85,117.95,117.77,117.95,2999269.0
2020-10-13,118.01,118.07,117.9294,117.98,3421737.0
2020-10-14,118.1,118.11,117.985,118.05,4919727.0
2020-10-15,118.15,118.15,117.95,117.95,5459197.0
2020-10-16,117.99,118.0778,117.88,117.89,3933279.0
2020-10-19,117.81,117.87,117.72,117.75,4685033.0
2020-10-20,117.7,117.71,117.58,117.65,4013620.0
2020-10-21,117.59,117.64,117.48,117.51,3688494.0
2020-10-22,117.51,117.54,117.3,117.3,4801011.0
2020-10-23,117.3,117.52,117.3,117.47,3878745.0
2020-10-26,117.65,117.72,117.59,117.63,4962531.0
2020-10-27,117.8,117.91,117.7275,117.9,5694085.0
2020-10-28,117.81,117.955,117.72,117.73,7329242.0
2020-10-29,117.76,117.77,117.4,117.52,11775806.0
2020-10-30,117.45,117.52,117.2,117.2,10610002.0
2020-11-02,117.27,117.35,117.18,117.22,6667902.0
2020-11-03,117.22,117.22,117.05,117.17,6693534.0
2020-11-04,117.9,118.04,117.83,117.95,5308746.0
2020-11-05,118.09,118.12,117.91,118.06,5293955.0
2020-11-06,117.81,117.86,117.6699,117.8,5514452.0
2020-11-09,117.4,117.47,117.06,117.25,6625285.0
2020-11-10,117.05,117.23,117.03,117.06,5146371.0
2020-11-11,117.06,117.18,117.02,117.13,3044345.0
2020-11-12,117.37,117.63,117.33,117.62,7740846.0
2020-11-13,117.52,117.69,117.52,117.64,5126806.0
2020-11-16,117.61,117.67,117.58,117.63,7951487.0
2020-11-17,117.75,117.9,117.75,117.87,4650191.0
2020-11-18,117.95,117.99,117.89,117.95,6191072.0
2020-11-19,118.08,118.26,118.03,118.17,6680775.0
2020-11-20,118.19,118.34,118.13,118.29,7217433.0
2020-11-23,118.28,118.3,118.1734,118.26,4739119.0
2020-11-24,118.24,118.28,118.07,118.1,4696823.0
2020-11-25,118.15,118.21,118.02,118.06,4125185.0
2020-11-27,118.25,118.285,118.22,118.26,3436221.0
2020-11-30,118.32,118.45,118.25,118.42,8688562.0
2020-12-01,118.03,118.1,117.73,117.84,5100037.0
2020-12-02,117.81,117.81,117.54,117.71,6120981.0
2020-12-03,117.92,117.98,117.765,117.91,5198437.0
2020-12-04,117.9,117.9,117.5133,117.59,5896088.0
2020-12-07,117.76,117.8262,117.69,117.77,6127835.0
2020-12-08,117.88,117.9597,117.75,117.78,6807000.0
2020-12-09,117.73,117.78,117.5172,117.61,6975697.0
2020-12-10,117.74,117.93,117.69,117.9,6192273.0
2020-12-11,118.01,118.09,117.95,118.03,5636060.0
2020-12-14,117.86,118.025,117.7969,117.96,4705572.0
2020-12-15,117.95,118.03,117.9,118.03,4217872.0
2020-12-16,117.83,118.033,117.761,117.98,4467913.0
2020-12-17,118.01,118.06,117.7299,117.85,6610627.0
2020-12-18,117.97,117.97,117.76,117.79,3874807.0
2020-12-21,117.92,117.96,117.75,117.79,4818305.0
2020-12-22,117.88,117.98,117.825,117.96,4516554.0
2020-12-23,117.81,117.88,117.63,117.88,4157735.0
2020-12-24,117.94,118.046,117.925,117.99,2214487.0
2020-12-28,117.97,118.045,117.833,118.01,4558605.0
2020-12-29,118.06,118.06,117.92,118.03,4295691.0
2020-12-30,118.09,118.12,117.9815,118.1,2762258.0
2020-12-31,118.18,118.24,118.12,118.19,4834717.0
2021-01-04,118.08,118.14,117.985,118.04,6414050.0
2021-01-05,118.06,118.06,117.75,117.92,7477903.0
2021-01-06,117.9,117.9,117.15,117.34,10680792.0
2021-01-07,117.13,117.26,117.0667,117.22,6639609.0
2021-01-08,117.18,117.3428,116.98,117.08,7335700.0
2021-01-11,117.02,117.05,116.89,116.89,8610105.0
2021-01-12,116.82,116.99,116.68,116.99,7268716.0
2021-01-13,117.63,117.63,117.08,117.36,6788521.0
2021-01-14,117.37,117.45,117.08,117.13,6610456.0
2021-01-15,117.34,117.36,117.18,117.25,6447838.0
2021-01-19,117.27,117.42,117.22,117.41,7601121.0
2021-01-20,117.35,117.43,117.31,117.42,6229268.0
2021-01-21,117.22,117.2985,117.14,117.25,8301326.0
2021-01-22,117.29,117.32,117.19,117.25,3513742.0
2021-01-25,117.39,117.56,117.36,117.55,4049029.0
2021-01-26,117.46,117.585,117.4255,117.51,3639521.0
2021-01-27,117.61,117.67,117.04,117.52,3619105.0
2021-01-28,117.48,117.49,117.29,117.44,6176611.0
2021-01-29,117.1563,117.4,116.5625,117.31,12164830.0
2021-02-01,117.2,117.26,117.0915,117.23,6621900.0
2021-02-02,116.99,117.09,116.97,117.05,5187386.0
2021-02-03,116.97,116.99,116.87,116.91,5492357.0
2021-02-04,116.75,116.89,116.69,116.86,5287405.0
2021-02-05,116.91,116.96,116.7,116.71,3446584.0
2021-02-08,116.75,116.9285,116.72,116.83,4704165.0
2021-02-09,116.94,116.97,116.8215,116.88,4532466.0
2021-02-10,116.97,117.01,116.92,116.99,4296144.0
2021-02-11,117.03,117.03,116.8,116.85,3470842.0
2021-02-12,116.67,116.74,116.5418,116.58,3284934.0
2021-02-16,116.22,116.23,116.02,116.03,5682753.0
2021-02-17,116.22,116.29,116.145,116.26,6304064.0
2021-02-18,116.14,116.28,116.03,116.2,5333967.0
2021-02-19,116.0187,116.06,115.7515,115.84,4673220.0
2021-02-22,115.76,115.8662,115.48,115.48,4882621.0
2021-02-23,115.75,115.75,115.27,115.51,6035405.0
2021-02-24,115.06,115.5,115.01,115.47,6232271.0
2021-02-25,115.01,115.29,114.2,114.41,14922874.0
2021-02-26,114.96,115.39,114.5915,115.34,10930358.0
2021-03-01,114.97,115.5899,114.89,115.09,13018087.0
2021-03-02,115.04,115.12,114.95,115.11,10111335.0
2021-03-03,114.8,114.83,114.6,114.69,10317490.0
2021-03-04,114.79,114.8,114.26,114.36,5953553.0
2021-03-05,114.17,114.3197,114.05,114.28,8675690.0
2021-03-08,114.2,114.23,113.83,113.83,5639392.0
2021-03-09,114.2,114.31,114.0,114.26,5676798.0
2021-03-10,114.3,114.5,114.275,114.45,6936942.0
2021-03-11,114.47,114.54,114.295,114.44,8827827.0
2021-03-12,113.88,113.91,113.705,113.79,5066976.0
2021-03-15,113.6,114.01,113.6,113.91,5001788.0
2021-03-16,113.97,114.032,113.78,113.87,3991008.0
2021-03-17,113.55,113.9778,113.48,113.86,6229776.0
2021-03-18,113.32,113.55,113.2,113.42,6222247.0
2021-03-19,113.4,113.54,113.33,113.51,4701406.0
2021-03-22,113.7,113.8,113.6022,113.73,5468656.0
2021-03-23,113.89,114.04,113.77,114.02,5525062.0
2021-03-24,113.9,114.2,113.86,114.16,6352692.0
2021-03-25,114.24,114.29,113.99,114.1,5177994.0
2021-03-26,113.91,114.075,113.86,113.91,4333939.0
2021-03-29,113.52,114.0,113.52,113.72,7630810.0
2021-03-30,113.64,113.85,113.525,113.81,4996946.0
2021-03-31,113.84,113.98,113.71,113.83,6309151.0
2021-04-01,113.93,114.05,113.83,114.04,10767223.0
2021-04-05,113.78,113.89,113.69,113.81,9230132.0
2021-04-06,113.98,114.22,113.95,114.21,4864120.0
2021-04-07,114.12,114.2968,114.025,114.03,4505626.0
2021-04-08,114.18,114.31,114.13,114.31,4932133.0
2021-04-09,114.11,114.33,114.035,114.18,7467129.0
2021-04-12,114.172,114.172,114.0,114.15,3845011.0
2021-04-13,114.12,114.48,114.11,114.48,4040521.0
2021-04-14,114.41,114.44,114.28,114.39,3620530.0
2021-04-15,113.78,114.98,113.78,114.84,6753201.0
2021-04-16,114.56,114.665,114.5,114.54,3663673.0
2021-04-19,114.0,114.5,114.0,114.45,5072766.0
2021-04-20,114.42,114.67,114.39,114.63,4322279.0
2021-04-21,114.6,114.74,114.53,114.74,5511435.0
2021-04-22,114.74,114.8,114.59,114.77,4571030.0
2021-04-23,114.81,115.086,114.6415,114.75,3813862.0
2021-04-26,114.74,114.8015,114.65,114.65,3480303.0
2021-04-27,115.13,115.13,114.37,114.37,3823347.0
2021-04-28,114.45,114.4685,114.2,114.43,7078559.0
2021-04-29,114.14,114.37,114.09,114.37,6254127.0
2021-04-30,114.41,114.515,114.33,114.49,6469535.0
2021-05-03,114.4,114.59,114.33,114.39,5939532.0
2021-05-04,114.55,114.7,114.41,114.53,6291480.0
2021-05-05,114.45,114.62,114.45,114.62,3329011.0
2021-05-06,114.55,114.71,114.53,114.64,4739453.0
2021-05-07,114.85,114.97,114.57,114.61,7005205.0
2021-05-10,114.61,114.72,114.4,114.43,5576535.0
2021-05-11,114.23,114.38,114.13,114.18,6161678.0
2021-05-12,113.98,114.01,113.78,113.78,7000777.0
2021-05-13,113.9,114.06,113.78,114.04,6772308.0
2021-05-14,114.22,114.3,114.1219,114.3,3985440.0
2021-05-17,114.21,114.25,114.15,114.2,4926608.0
2021-05-18,114.11,114.11,114.03,114.06,3674624.0
2021-05-19,114.62,114.62,113.79,113.9,6892441.0
2021-05-20,114.08,114.3,114.08,114.29,6243292.0
2021-05-21,114.36,114.4,114.23,114.34,3873173.0
2021-05-24,114.5,114.51,114.38,114.45,3867733.0
2021-05-25,114.58,114.75,114.0285,114.73,6351673.0
2021-05-26,114.13,114.8,114.13,114.69,3969393.0
2021-05-27,114.61,114.62,114.45,114.55,5072323.0
2021-05-28,114.55,114.68,114.5,114.55,6768941.0
2021-06-01,114.36,114.4,114.164,114.33,6209773.0
2021-06-02,114.45,114.51,114.3,114.48,6103871.0
2021-06-03,114.31,114.46,114.21,114.21,3464339.0
2021-06-04,114.39,114.68,114.22,114.68,4535897.0
2021-06-07,113.97,114.64,113.97,114.6,3728371.0
2021-06-08,114.84,114.87,114.78,114.81,4395332.0
2021-06-09,115.43,115.43,114.97,115.04,3643098.0
2021-06-10,115.3,115.31,114.8605,115.28,4021902.0
2021-06-11,115.31,115.32,115.16,115.23,3781860.0
2021-06-14,115.18,115.18,114.935,114.94,3270788.0
2021-06-15,114.9,115.02,114.87,114.99,8230360.0
2021-06-16,115.07,115.1285,114.51,114.62,8622205.0
2021-06-17,114.792,115.25,114.785,114.98,7641819.0
2021-06-18,115.05,115.39,114.91,115.29,5690395.0
2021-06-21,115.06,115.12,114.921,114.99,6875480.0
2021-06-22,114.83,115.14,114.83,115.11,6485071.0
2021-06-23,115.06,115.138,114.99,115.05,5070470.0
2021-06-24,115.1,115.17,115.045,115.09,8357942.0
2021-06-25,115.11,115.13,114.7516,114.86,6496582.0
2021-06-28,115.04,115.23,115.04,115.19,5739041.0
2021-06-29,115.06,115.25,115.045,115.25,5097132.0
2021-06-30,115.36,115.45,115.3,115.33,6653138.0
2021-07-01,115.15,115.19,115.01,115.11,4744859.0
2021-07-02,115.23,115.37,115.17,115.36,4312838.0
2021-07-06,115.51,115.83,115.51,115.73,7372886.0
2021-07-07,115.83,116.015,115.75,115.93,7786358.0
2021-07-08,116.04,116.18,115.96,116.06,6538371.0
2021-07-09,115.735,115.76,115.68,115.68,4750779.0
2021-07-12,115.8,115.805,115.6,115.61,4266616.0
2021-07-13,115.65,115.76,115.3022,115.36,5145171.0
2021-07-14,115.59,115.76,115.569,115.75,4977399.0
2021-07-15,115.94,116.02,115.7222,116.0,4480890.0
2021-07-16,115.77,115.96,115.76,115.9,3869611.0
2021-07-19,116.39,116.6085,116.35,116.51,6688067.0
2021-07-20,116.78,116.82,116.32,116.4,8474754.0
2021-07-21,116.075,116.15,115.92,116.02,9686429.0
2021-07-22,116.03,116.35,116.03,116.29,8176256.0
2021-07-23,116.03,116.22,116.03,116.21,4441022.0
2021-07-26,116.3,116.33,116.085,116.11,7127420.0
2021-07-27,116.35,116.4,116.2727,116.38,5423774.0
2021-07-28,116.24,116.49,116.14,116.49,5463630.0
2021-07-29,116.29,116.36,116.225,116.3,5517160.0
2021-07-30,116.36,116.485,116.3532,116.46,5552109.0
2021-08-02,116.36,116.68,116.305,116.54,5753765.0
2021-08-03,116.56,116.69,116.5306,116.58,3715333.0
2021-08-04,116.77,116.83,116.3,116.57,4654252.0
2021-08-05,116.46,116.48,116.28,116.31,3283363.0
2021-08-06,115.93,116.02,115.78,115.79,3811953.0
2021-08-09,115.89,115.96,115.58,115.58,5298656.0
2021-08-10,115.65,115.65,115.43,115.43,7332093.0
2021-08-11,115.46,115.7,115.34,115.54,6674630.0
2021-08-12,115.49,115.5799,115.4,115.55,5017250.0
2021-08-13,115.65,115.97,115.6401,115.97,4599772.0
2021-08-16,116.14,116.27,116.03,116.03,3693626.0
2021-08-17,115.98,116.09,115.93,115.94,5469248.0
2021-08-18,115.94,116.03,115.8,115.95,3981911.0
2021-08-19,116.12,116.155,116.02,116.15,4581313.0
2021-08-20,116.18,116.21,116.08,116.16,2897840.0
2021-08-23,116.09,116.18,116.04,116.16,6585417.0
2021-08-24,116.08,116.14,115.96,115.99,5875388.0
2021-08-25,115.99,116.011,115.681,115.77,5452000.0
2021-08-26,115.76,115.79,115.6444,115.78,4879211.0
2021-08-27,115.81,116.1,115.7146,116.1,5545551.0
2021-08-30,116.015,116.23,116.0,116.23,3706042.0
2021-08-31,116.18,116.285,116.02,116.06,6763941.0
2021-09-01,116.02,116.02,115.81,115.93,4153988.0
2021-09-02,116.02,116.06,115.92,116.05,5427270.0
2021-09-03,115.84,115.89,115.7707,115.85,5274341.0
2021-09-07,115.64,115.6457,115.4737,115.54,3579852.0
2021-09-08,115.7,115.82,115.62,115.73,3417489.0
2021-09-09,115.84,116.147,115.755,116.1,3332649.0
2021-09-10,115.99,116.01,115.7801,115.87,3957348.0
2021-09-13,116.0,116.075,115.96,116.02,3954120.0
2021-09-14,116.07,116.38,116.07,116.28,4183570.0
2021-09-15,116.29,116.2929,116.09,116.17,3448467.0
2021-09-16,115.95,116.11,115.905,115.97,4265519.0
2021-09-17,115.8,115.875,115.7428,115.87,5742502.0
2021-09-20,116.02,116.17,115.975,116.09,5464713.0
2021-09-21,116.13,116.17,116.045,116.14,5225248.0
2021-09-22,116.11,116.25,116.005,116.18,7139913.0
2021-09-23,115.93,115.94,115.57,115.61,8265009.0
2021-09-24,115.5,115.5055,115.319,115.41,4461937.0
2021-09-27,115.21,115.375,115.185,115.25,5630622.0
2021-09-28,114.9,114.9999,114.695,114.77,7017089.0
2021-09-29,114.97,115.06,114.715,114.85,6161321.0
2021-09-30,114.77,114.86,114.69,114.83,5348804.0
2021-10-01,114.82,115.06,114.79,115.0,7064531.0
2021-10-04,114.92,115.03,114.795,114.92,4180607.0
2021-10-05,114.82,114.867,114.61,114.65,7422000.0
2021-10-06,114.68,114.73,114.59,114.7,4893390.0
2021-10-07,114.46,114.5,114.34,114.38,4456194.0
2021-10-08,114.31,114.35,114.07,114.13,4581904.0
2021-10-11,114.01,114.065,113.94,113.95,2178356.0
2021-10-12,114.17,114.38,114.11,114.37,3688376.0
2021-10-13,114.43,114.64,114.415,114.63,5522671.0
2021-10-14,114.7,114.85,114.63,114.85,4094516.0
2021-10-15,114.61,114.63,114.51,114.57,4644812.0
2021-10-18,114.33,114.56,114.25,114.49,5575055.0
2021-10-19,114.37,114.37,114.16,114.16,5041044.0
2021-10-20,114.17,114.29,114.06,114.08,6183697.0
2021-10-21,114.01,114.04,113.84,113.84,5228294.0
2021-10-22,113.97,114.1399,113.895,114.06,3528834.0
2021-10-25,114.06,114.27,114.06,114.17,8569649.0
2021-10-26,114.25,114.38,114.11,114.38,5429821.0
2021-10-27,114.66,114.915,114.425,114.76,8048651.0
2021-10-28,114.71,114.825,114.57,114.67,5916055.0
2021-10-29,114.35,114.78,114.35,114.64,10047906.0
2021-11-01,114.16,114.42,114.14,114.39,5872796.0
2021-11-02,114.43,114.69,114.43,114.62,4915631.0
2021-11-03,114.65,114.69,114.2501,114.39,6421690.0
2021-11-04,114.51,114.84,114.48,114.77,6618091.0
2021-11-05,114.99,115.3199,114.9001,115.22,7283109.0
2021-11-08,115.14,115.15,114.95,115.01,4922756.0
2021-11-09,115.38,115.5,115.29,115.33,8215065.0
2021-11-10,115.11,115.14,114.395,114.55,11620260.0
2021-11-11,114.51,114.57,114.3,114.34,3937147.0
2021-11-12,114.5,114.585,114.26,114.32,4554581.0
2021-11-15,114.3,114.31,113.9,113.9,6405000.0
2021-11-16,113.92,114.11,113.84,113.86,7484034.0
2021-11-17,113.79,114.13,113.77,114.13,7173096.0
2021-11-18,114.05,114.28,114.03,114.23,4230789.0
2021-11-19,114.49,114.59,114.415,114.45,5688583.0
2021-11-22,114.14,114.23,113.82,113.9,6995331.0
2021-11-23,113.71,113.77,113.45,113.45,6275143.0
2021-11-24,113.47,113.725,113.3905,113.71,8472445.0
2021-11-26,114.33,114.5769,114.2,114.52,3258891.0
2021-11-29,114.15,114.6,114.13,114.58,8982838.0
2021-11-30,114.87,115.1074,114.5,114.77,13108996.0
2021-12-01,114.27,114.64,114.21,114.63,12772743.0
2021-12-02,114.67,114.79,114.4001,114.61,7759699.0
2021-12-03,114.5,115.24,114.46,115.07,7600888.0
2021-12-06,114.98,115.0391,114.6196,114.67,9416707.0
2021-12-07,114.52,114.71,114.45,114.49,6787061.0
2021-12-08,114.37,114.37,114.05,114.19,8050116.0
2021-12-09,114.28,114.386,114.12,114.2,8646766.0
2021-12-10,114.37,114.51,114.22,114.23,6501338.0
2021-12-13,114.51,114.705,114.46,114.63,8659260.0
2021-12-14,114.46,114.54,114.26,114.41,7503635.0
2021-12-15,114.23,114.445,114.11,114.32,7459084.0
2021-12-16,114.26,114.48,114.26,114.36,7566579.0
2021-12-17,114.55,114.68,114.47,114.5,7428096.0
2021-12-20,114.57,114.61,114.32,114.33,7382619.0
2021-12-21,114.07,114.32,113.97,114.24,12970210.0
2021-12-22,114.33,114.35,114.17,114.34,6171714.0
2021-12-23,114.29,114.31,114.07,114.2,5506661.0
2021-12-27,114.15,114.3,114.13,114.26,5436840.0
2021-12-28,114.43,114.45,114.17,114.21,5253786.0
2021-12-29,113.99,114.05,113.81,113.87,5933775.0
2021-12-30,113.99,114.13,113.83,114.12,5455434.0
2021-12-31,114.15,114.31,114.06,114.08,7978360.0
2022-01-03,113.67,113.6753,113.3,113.3,9399276.0
2022-01-04,113.22,113.3,113.075,113.29,7772171.0
2022-01-05,113.34,113.36,112.9,112.94,8530902.0
2022-01-06,112.75,112.84,112.66,112.82,8866493.0
2022-01-07,112.69,112.705,112.34,112.49,9018905.0
2022-01-10,112.23,112.42,112.1427,112.39,8074992.0
2022-01-11,112.33,112.63,112.265,112.6,6728314.0
2022-01-12,112.72,112.785,112.58,112.6,6713197.0
2022-01-13,112.6,112.8,112.51,112.8,8454265.0
2022-01-14,112.53,112.545,112.15,112.17,9113399.0
2022-01-18,111.81,111.86,111.47,111.49,7943795.0
2022-01-19,111.7,111.89,111.65,111.73,8304107.0
2022-01-20,111.84,111.9,111.75,111.79,7186396.0
2022-01-21,112.19,112.35,112.11,112.23,8679614.0
2022-01-24,112.3814,112.42,112.1,112.1,12131424.0
2022-01-25,112.18,112.3,111.96,111.99,9540988.0
2022-01-26,112.06,112.13,111.36,111.36,10729365.0
2022-01-27,111.62,111.88,111.62,111.73,6146781.0
2022-01-28,111.46,111.86,111.44,111.81,10855688.0
2022-01-31,111.64,111.89,111.6,111.8,12837442.0
2022-02-01,111.66,111.6764,111.38,111.6,10356014.0
2022-02-02,111.7,111.97,111.6744,111.72,7967892.0
2022-02-03,111.26,111.37,111.13,111.27,10290431.0
2022-02-04,110.75,110.75,110.4707,110.57,6967250.0
2022-02-07,110.57,110.71,110.47,110.67,6723367.0
2022-02-08,110.44,110.48,110.32,110.33,7986961.0
2022-02-09,110.51,110.68,110.39,110.4,9194441.0
2022-02-10,109.97,110.06,109.38,109.38,10761160.0
2022-02-11,109.74,110.155,109.3439,110.1,13868360.0
2022-02-14,109.66,109.76,109.4,109.46,8843670.0
2022-02-15,109.36,109.51,109.24,109.28,5820180.0
2022-02-16,109.44,109.4849,109.1,109.41,8115969.0
2022-02-17,109.58,109.805,109.5146,109.64,10216991.0
2022-02-18,109.83,109.88,109.71,109.87,7111143.0
2022-02-22,109.68,109.78,109.5616,109.75,7596817.0
2022-02-23,109.52,109.55,109.23,109.26,11732146.0
2022-02-24,109.67,109.7681,109.17,109.46,12372112.0
2022-02-25,109.45,109.58,109.33,109.57,10089128.0
2022-02-28,110.03,110.43,110.02,110.36,16594641.0
2022-03-01,110.6,111.17,110.57,110.82,14355116.0
2022-03-02,110.3,110.38,109.46,109.49,9028866.0
2022-03-03,109.79,110.0,109.65,109.86,15802644.0
2022-03-04,110.4,110.55,110.225,110.3,8556616.0
2022-03-07,109.87,110.14,109.64,109.66,12740567.0
2022-03-08,109.25,109.3301,109.1201,109.27,9933667.0
2022-03-09,109.1,109.209,108.93,109.04,11192337.0
2022-03-10,108.66,108.68,108.25,108.43,16234911.0
2022-03-11,108.44,108.55,108.34,108.41,11997840.0
2022-03-14,107.79,107.816,107.36,107.36,10961644.0
2022-03-15,107.84,107.92,107.43,107.6,14001158.0
2022-03-16,107.63,107.73,107.0032,107.68,16805399.0
2022-03-17,107.8461,108.06,107.73,107.86,8035416.0
2022-03-18,107.93,108.14,107.9203,108.1,7857897.0
2022-03-21,107.58,107.649,106.9841,107.04,8024774.0
2022-03-22,106.74,106.88,106.61,106.75,16072053.0
2022-03-23,106.96,107.21,106.7105,107.19,9060751.0
2022-03-24,106.72,107.035,106.65,106.95,7480541.0
2022-03-25,106.57,106.65,105.975,106.1,10511522.0
2022-03-28,106.25,106.5252,106.16,106.36,8540492.0
2022-03-29,106.61,106.89,106.455,106.86,11396565.0
2022-03-30,106.6,107.15,106.59,107.15,11544370.0
2022-03-31,107.17,107.38,107.06,107.1,13799159.0
2022-04-01,106.35,106.95,106.25,106.75,11581631.0
2022-04-04,106.84,106.87,106.56,106.84,9956504.0
2022-04-05,106.58,106.625,105.74,105.76,11020717.0
2022-04-06,105.21,105.805,105.115,105.49,13115969.0
2022-04-07,105.38,105.51,105.13,105.26,7922503.0
2022-04-08,104.82,105.01,104.615,104.73,6503173.0
2022-04-11,104.44,104.505,104.17,104.28,8381780.0
2022-04-12,104.8001,104.92,104.58,104.61,8498697.0
2022-04-13,104.77,105.09,104.74,104.82,6801024.0
2022-04-14,104.73,104.74,103.93,103.97,8510083.0
2022-04-18,103.97,104.015,103.61,103.65,8632981.0
2022-04-19,103.26,103.4264,102.974,103.02,7847461.0
2022-04-20,103.36,103.7356,103.3,103.61,8455765.0
2022-04-21,103.44,103.47,102.79,103.04,11396047.0
2022-04-22,102.73,103.18,102.67,102.94,9159006.0
2022-04-25,103.47,103.93,103.47,103.63,8777519.0
2022-04-26,104.13,104.13,103.8,103.95,8487981.0
2022-04-27,103.91,104.01,103.53,103.53,11185371.0
2022-04-28,103.33,103.51,103.165,103.49,10372227.0
2022-04-29,102.92,103.27,102.82,102.87,9924179.0
2022-05-02,102.32,102.36,102.0,102.13,12729043.0
2022-05-03,102.71,102.79,102.29,102.36,12165260.0
2022-05-04,102.32,103.05,102.12,103.02,14650186.0
2022-05-05,102.48,102.52,101.585,102.0,17474427.0
2022-05-06,101.66,101.95,101.49,101.57,8314307.0
2022-05-09,101.54,102.1,101.475,102.07,8640927.0
2022-05-10,102.52,102.72,102.32,102.38,18464962.0
2022-05-11,102.07,102.785,101.96,102.76,16461960.0
2022-05-12,102.94,103.14,102.865,102.95,9015308.0
2022-05-13,102.75,102.78,102.48,102.51,6715579.0
2022-05-16,102.71,102.97,102.69,102.74,7239212.0
2022-05-17,102.27,102.43,102.14,102.18,6559038.0
2022-05-18,102.11,102.639,102.075,102.59,6093818.0
2022-05-19,103.2,103.22,102.75,102.85,10504273.0
2022-05-20,102.95,103.21,102.8801,103.16,6731407.0
2022-05-23,103.01,103.2,102.73,102.82,8007232.0
2022-05-24,103.14,103.74,103.13,103.61,10332288.0
2022-05-25,103.93,104.07,103.765,104.04,7718122.0
2022-05-26,104.07,104.19,103.8,103.96,5720073.0
2022-05-27,104.09,104.305,104.0201,104.13,5496283.0
2022-05-31,103.53,103.64,103.285,103.47,10491722.0
2022-06-01,103.39,103.525,102.75,102.86,8056802.0
2022-06-02,103.06,103.09,102.73,102.99,7456895.0
2022-06-03,102.67,102.905,102.64,102.82,6561091.0
2022-06-06,102.67,102.77,102.16,102.19,5144496.0
2022-06-07,102.42,102.76,102.4,102.58,5620183.0
2022-06-08,102.42,102.555,102.16,102.16,4150910.0
2022-06-09,102.07,102.22,101.97,102.05,5423587.0
2022-06-10,101.67,101.72,101.03,101.26,7829980.0
2022-06-13,100.1,100.35,99.13,99.6,9479214.0
2022-06-14,99.84,99.94,98.86,99.01,10943479.0
2022-06-15,99.69,100.16,99.18,100.11,10979025.0
2022-06-16,99.24,100.36,99.1432,100.35,9329899.0
2022-06-17,100.42,100.57,99.98,100.34,9892239.0
2022-06-21,100.02,100.26,99.79,99.94,9022476.0
2022-06-22,100.67,100.9296,100.665,100.79,9436995.0
2022-06-23,101.25,101.76,101.125,101.21,7774051.0
2022-06-24,101.11,101.47,100.995,101.05,7389583.0
2022-06-27,100.67,100.945,100.475,100.6,8319683.0
2022-06-28,100.53,100.66,100.395,100.64,6540036.0
2022-06-29,100.8,101.235,100.68,101.22,7326495.0
2022-06-30,101.6,101.955,101.575,101.68,7521306.0
2022-07-01,102.21,102.7874,102.09,102.34,7393110.0
2022-07-05,102.54,102.7043,102.3465,102.53,6813402.0
2022-07-06,102.78,102.8,101.84,101.84,6647665.0
2022-07-07,101.94,101.9799,101.52,101.61,8226532.0
2022-07-08,101.35,101.4499,101.16,101.23,5270091.0
2022-07-11,101.67,101.92,101.6029,101.7,5758407.0
2022-07-12,102.02,102.19,101.82,101.84,6690559.0
2022-07-13,101.23,102.24,101.19,102.21,6534738.0
2022-07-14,101.51,101.98,101.33,101.85,6233275.0
2022-07-15,101.94,102.35,101.9,102.25,8640415.0
2022-07-18,102.0,102.03,101.72,101.92,6006406.0
2022-07-19,101.95,101.99,101.6615,101.78,5936232.0
2022-07-20,102.16,102.17,101.665,101.71,6123970.0
2022-07-21,101.96,102.58,101.96,102.56,5919977.0
2022-07-22,103.26,103.6,103.115,103.36,7323110.0
2022-07-25,102.9,103.09,102.87,102.98,3729487.0
2022-07-26,103.44,103.51,102.96,102.96,6312403.0
2022-07-27,103.19,103.64,103.18,103.32,5431438.0
2022-07-28,104.09,104.205,103.835,104.06,6473834.0
2022-07-29,103.94,104.395,103.83,104.07,7674760.0
2022-08-01,103.99,104.305,103.91,104.23,7733744.0
2022-08-02,104.27,104.345,103.135,103.16,6869385.0
2022-08-03,103.03,103.64,102.72,103.62,6261918.0
2022-08-04,103.67,103.89,103.57,103.87,5199672.0
2022-08-05,102.81,102.83,102.52,102.71,4847064.0
2022-08-08,103.1,103.29,103.04,103.18,3424967.0
2022-08-09,102.92,103.045,102.84,102.95,3854013.0
2022-08-10,103.43,103.675,103.1095,103.21,7156420.0
2022-08-11,103.38,103.63,102.615,102.66,8518254.0
2022-08-12,102.97,103.12,102.72,103.12,3643558.0
2022-08-15,103.37,103.45,103.24,103.25,3782889.0
2022-08-16,103.13,103.13,102.79,103.1,4976060.0
2022-08-17,102.64,102.735,102.34,102.49,7222288.0
2022-08-18,102.7,102.93,102.64,102.71,4260579.0
2022-08-19,102.13,102.13,101.845,101.99,4575547.0
2022-08-22,101.82,101.89,101.515,101.55,7133245.0
2022-08-23,101.54,101.9671,101.4,101.51,7369600.0
2022-08-24,101.35,101.395,101.15,101.24,6319122.0
2022-08-25,101.33,101.87,101.2426,101.8,8217318.0
2022-08-26,101.67,101.85,101.42,101.61,5584793.0
2022-08-29,101.27,101.28,101.055,101.12,7508729.0
2022-08-30,101.26,101.445,100.93,101.25,6573668.0
2022-08-31,101.04,101.23,100.641,100.71,6116453.0
2022-09-01,100.07,100.145,99.66,100.07,8961796.0
2022-09-02,100.37,100.67,100.13,100.36,5966840.0
2022-09-06,99.96,99.97,99.41,99.42,5335194.0
2022-09-07,99.73,100.13,99.72,100.11,3607139.0
2022-09-08,100.0,100.18,99.785,99.79,5546199.0
2022-09-09,99.99,100.13,99.73,99.78,7496080.0
2022-09-12,100.0,100.09,99.51,99.63,8535467.0
2022-09-13,98.91,99.19,98.895,99.07,4957421.0
2022-09-14,99.0,99.35,98.97,99.2,7557369.0
2022-09-15,99.04,99.1057,98.8436,98.9,6016666.0
2022-09-16,98.66,99.01,98.61,98.83,6965431.0
2022-09-19,98.53,98.84,98.48,98.68,5982197.0
2022-09-20,98.21,98.4,98.08,98.24,11271700.0
2022-09-21,98.4,98.6001,97.86,98.55,7094443.0
2022-09-22,97.9,97.92,97.4039,97.5,7061214.0
2022-09-23,97.4,97.45,96.89,97.2,11059537.0
2022-09-26,96.87,96.91,95.865,95.95,9010119.0
2022-09-27,95.9745,96.075,95.375,95.54,11440212.0
2022-09-28,96.47,97.1277,96.27,97.08,10539881.0
2022-09-29,96.48,96.7999,96.29,96.57,8666051.0
2022-09-30,96.86,97.09,96.19,96.34,14376285.0
2022-10-03,96.89,97.48,96.64,96.91,9617946.0
2022-10-04,97.21,97.55,97.0811,97.17,6964233.0
2022-10-05,96.69,96.99,96.27,96.66,9512807.0
2022-10-06,96.59,96.71,96.21,96.28,5625145.0
2022-10-07,95.81,96.01,95.68,95.77,6149631.0
2022-10-10,95.73,95.75,95.1536,95.34,4074744.0
2022-10-11,95.63,95.83,95.27,95.4,8892773.0
2022-10-12,95.25,95.61,95.23,95.48,5651195.0
2022-10-13,94.23,95.44,94.175,95.18,6254435.0
2022-10-14,95.63,95.63,94.61,94.66,8580697.0
2022-10-17,95.25,95.4,94.83,94.86,5460624.0
2022-10-18,95.11,95.18,94.64,95.02,6389064.0
2022-10-19,94.41,94.5584,94.1528,94.2,6316065.0
2022-10-20,94.06,94.2555,93.5648,93.63,9013040.0
2022-10-21,93.27,93.865,93.2,93.77,8371273.0
2022-10-24,93.77,94.03,93.45,93.64,6090397.0
2022-10-25,94.39,94.705,94.36,94.56,11710398.0
2022-10-26,94.78,95.17,94.76,94.98,7884252.0
2022-10-27,95.21,95.6204,94.99,95.46,6913500.0
2022-10-28,95.01,95.46,94.98,95.22,6229253.0
2022-10-31,95.01,95.06,94.6,94.9,10946419.0
2022-11-01,95.25,95.35,94.6501,94.86,8096833.0
2022-11-02,94.98,95.51,94.53,94.7,8584173.0
2022-11-03,93.97,94.505,93.93,94.35,9314775.0
2022-11-04,94.43,94.64,94.17,94.34,6918307.0
2022-11-07,94.41,94.46,94.03,94.04,7597242.0
2022-11-08,94.24,94.6099,94.22,94.44,5834912.0
2022-11-09,94.39,94.7001,94.25,94.55,6694180.0
2022-11-10,95.98,96.58,95.79,96.58,8494808.0
2022-11-11,96.23,96.605,96.23,96.51,4953168.0
2022-11-14,96.43,96.45,96.175,96.24,7457618.0
2022-11-15,96.8,96.95,96.605,96.95,7961974.0
2022-11-16,97.25,97.63,97.135,97.55,11075022.0
2022-11-17,97.03,97.165,96.85,97.14,6889201.0
2022-11-18,97.22,97.325,96.91,97.0,4714973.0
2022-11-21,97.27,97.3355,96.91,96.94,6829111.0
2022-11-22,97.18,97.5,97.18,97.44,8039011.0
2022-11-23,97.58,98.02,97.58,98.02,5885623.0
2022-11-25,97.81,98.04,97.81,98.04,2718602.0
2022-11-28,98.14,98.19,97.835,97.88,7920752.0
2022-11-29,97.54,97.7885,97.492,97.53,6643300.0
2022-11-30,97.48,98.32,97.285,98.29,8963551.0
2022-12-01,98.3,98.89,98.17,98.88,12471321.0
2022-12-02,98.49,99.295,98.3,99.29,6367993.0
2022-12-05,98.82,99.29,98.3,98.51,8072479.0
2022-12-06,98.71,98.92,98.59,98.8,7660058.0
2022-12-07,99.29,99.725,99.17,99.68,6752854.0
2022-12-08,99.39,99.5959,99.24,99.38,6307207.0
2022-12-09,99.12,99.21,98.77,98.79,8994364.0
2022-12-12,99.19,99.2355,98.63,98.81,10384255.0
2022-12-13,100.18,100.18,99.4,99.47,9120641.0
2022-12-14,99.52,99.79,99.17,99.69,10623950.0
2022-12-15,99.57,99.7,99.365,99.61,9424090.0
2022-12-16,98.96,99.52,98.94,99.35,7546301.0
2022-12-19,98.9,98.93,98.6142,98.74,10351012.0
2022-12-20,98.1,98.26,97.98,98.07,10282174.0
2022-12-21,98.49,98.536,98.19,98.34,8489423.0
2022-12-22,98.32,98.4653,98.215,98.31,8267852.0
2022-12-23,98.05,98.11,97.895,97.97,4823380.0
2022-12-27,97.46,97.615,97.2121,97.26,7925770.0
2022-12-28,97.47,97.5,97.08,97.09,12131152.0
2022-12-29,97.21,97.47,97.1825,97.45,7763261.0
2022-12-30,97.25,97.36,96.9741,96.99,8469000.0
2023-01-03,97.97,97.97,97.365,97.56,19930920.0
2023-01-04,98.17,98.25,97.89,98.1,10080087.0
2023-01-05,97.64,98.06,97.565,98.02,9682089.0
2023-01-06,98.13,99.15,98.04,99.09,8503052.0
2023-01-09,99.06,99.5,99.0,99.34,7849643.0
2023-01-10,99.02,99.15,98.7401,98.96,7291301.0
2023-01-11,99.28,99.57,99.2592,99.57,6102954.0
2023-01-12,99.84,100.53,99.49,100.29,8342746.0
2023-01-13,100.02,100.26,99.8321,99.92,6719042.0
2023-01-17,99.74,99.96,99.65,99.74,8174659.0
2023-01-18,100.76,100.875,100.37,100.73,7779524.0
2023-01-19,100.73,100.73,100.33,100.5,8633834.0
2023-01-20,100.17,100.26,99.89,100.09,6095775.0
2023-01-23,99.8,100.06,99.78,99.84,6573240.0
2023-01-24,99.84,100.32,99.68,100.28,6538592.0
2023-01-25,100.26,100.47,100.1,100.4,5431036.0
2023-01-26,100.33,100.46,100.07,100.23,5399092.0
2023-01-27,99.96,100.14,99.91,100.08,5123098.0
2023-01-30,99.9,100.0904,99.8,99.81,6822012.0
2023-01-31,100.16,100.34,99.825,100.22,12083590.0
2023-02-01,100.19,100.78,99.86,100.68,11593329.0
2023-02-02,101.04,101.15,100.735,100.79,9197909.0
2023-02-03,99.95,100.13,99.52,99.82,9082975.0
2023-02-06,99.31,99.415,99.23,99.27,9198870.0
2023-02-07,99.15,99.57,99.055,99.1,6224773.0
2023-02-08,99.14,99.43,98.95,99.24,4900645.0
2023-02-09,99.54,99.56,98.83,98.85,5594835.0
2023-02-10,98.82,98.83,98.4,98.42,5068200.0
2023-02-13,98.49,98.72,98.46,98.72,6832726.0
2023-02-14,98.67,98.7574,98.11,98.37,9559496.0
2023-02-15,98.24,98.36,98.03,98.18,6489232.0
2023-02-16,97.88,98.03,97.69,97.77,5235622.0
2023-02-17,97.53,98.01,97.53,98.0,5956279.0
2023-02-21,97.361,97.46,97.08,97.08,8369587.0
2023-02-22,97.4,97.59,97.3,97.34,5862307.0
2023-02-23,97.4,97.72,97.37,97.69,8527182.0
2023-02-24,97.22,97.26,96.9696,97.13,4866858.0
2023-02-27,97.41,97.49,97.215,97.32,5040022.0
2023-02-28,96.992,97.37,96.9291,97.31,8575033.0
2023-03-01,96.83,97.04,96.5,96.52,9125349.0
2023-03-02,96.15,96.35,96.11,96.32,9247374.0
2023-03-03,96.85,97.08,96.59,97.08,7266999.0
2023-03-06,97.27,97.29,96.81,96.84,4188489.0
2023-03-07,96.98,97.025,96.57,96.71,6013304.0
2023-03-08,96.9039,97.08,96.48,96.61,8044025.0
2023-03-09,96.76,97.1501,96.695,96.96,7054402.0
2023-03-10,97.79,98.32,97.755,98.09,7515785.0
2023-03-13,99.05,99.65,98.62,98.87,10344139.0
2023-03-14,98.77,98.82,98.085,98.29,8159781.0
2023-03-15,99.43,99.7,98.81,99.27,11133655.0
2023-03-16,99.53,99.72,98.675,98.88,15219710.0
2023-03-17,99.29,99.8,99.21,99.5,8277602.0
2023-03-20,99.73,99.73,99.015,99.1,6346444.0
2023-03-21,98.88,99.03,98.7,98.8,5499073.0
2023-03-22,98.8,99.82,98.64,99.75,7585382.0
2023-03-23,99.68,100.05,99.51,99.99,9949714.0
2023-03-24,100.28,100.49,99.95,100.16,6217707.0
2023-03-27,99.39,99.52,99.07,99.08,6823373.0
2023-03-28,98.98,99.05,98.82,98.93,6356361.0
2023-03-29,98.74,99.11,98.72,99.05,5111265.0
2023-03-30,99.03,99.23,98.9535,99.16,4251904.0
2023-03-31,99.39,99.69,99.16,99.64,8521604.0
2023-04-03,99.28,99.855,99.21,99.82,7567059.0
2023-04-04,99.55,100.3,99.5,100.19,8925168.0
2023-04-05,100.5,100.98,100.41,100.53,9883500.0
2023-04-06,100.56,100.685,100.44,100.44,6105185.0
2023-04-10,99.89,99.91,99.6,99.75,4477955.0
2023-04-11,99.81,99.88,99.59,99.81,4543802.0
2023-04-12,100.17,100.2,99.61,99.93,7226075.0
2023-04-13,100.16,100.2677,99.805,99.89,3964799.0
2023-04-14,99.56,99.59,99.32,99.4,4794084.0
2023-04-17,99.13,99.175,98.88,98.9,4418018.0
2023-04-18,98.91,99.16,98.91,99.04,4753036.0
2023-04-19,98.89,98.93,98.71,98.89,3592906.0
2023-04-20,99.21,99.36,99.19,99.34,5092430.0
2023-04-21,99.51,99.56,99.11,99.17,5367257.0
2023-04-24,99.42,99.59,99.36,99.56,3256883.0
2023-04-25,99.97,100.25,99.9636,100.18,5065415.0
2023-04-26,100.16,100.22,99.72,99.81,3689643.0
2023-04-27,99.61,99.63,99.39,99.45,4018321.0
2023-04-28,99.99,99.99,99.72,99.96,5469882.0
2023-05-01,99.35,99.41,98.595,98.69,10631644.0
2023-05-02,98.96,99.67,98.93,99.65,6085943.0
2023-05-03,99.89,100.1336,99.6901,100.09,5637180.0
2023-05-04,99.77,100.415,99.75,99.97,5262191.0
2023-05-05,99.64,99.7199,99.4542,99.65,4003005.0
2023-05-08,99.21,99.35,99.0801,99.1,5481302.0
2023-05-09,99.11,99.19,99.01,99.01,5712210.0
2023-05-10,99.43,99.68,99.39,99.65,4803044.0
2023-05-11,100.11,100.19,99.88,99.95,7703942.0
2023-05-12,99.89,99.95,99.39,99.39,4286034.0
2023-05-15,99.21,99.22,99.1,99.14,8532590.0
2023-05-16,98.89,98.95,98.74,98.91,6728498.0
2023-05-17,98.99,99.025,98.68,98.76,6318677.0
2023-05-18,98.49,98.51,98.27,98.3,4811544.0
2023-05-19,98.13,98.44,98.0,98.08,10285865.0
2023-05-22,98.14,98.33,97.97,97.99,8551145.0
2023-05-23,97.92,98.2058,97.81,98.1,7641202.0
2023-05-24,98.17,98.19,97.815,97.85,7719174.0
2023-05-25,97.74,97.8,97.4399,97.49,5941485.0
2023-05-26,97.36,97.5898,97.2406,97.57,3889853.0
2023-05-30,97.9,98.24,97.85,98.22,7349896.0
2023-05-31,98.22,98.72,98.21,98.57,10559811.0
2023-06-01,98.6,98.8,98.484,98.61,9029803.0
2023-06-02,98.54,98.58,98.08,98.09,6877188.0
2023-06-05,97.85,98.32,97.7741,98.08,7246178.0
2023-06-06,98.12,98.21,97.89,98.2,3815981.0
2023-06-07,98.15,98.22,97.59,97.68,5131567.0
2023-06-08,97.8,98.21,97.77,98.2,5041870.0
2023-06-09,97.91,98.05,97.79,97.97,7140768.0
2023-06-12,98.09,98.16,97.73,98.14,5436273.0
2023-06-13,98.48,98.48,97.6001,97.68,9568345.0
2023-06-14,97.88,97.99,97.4499,97.77,8360159.0
2023-06-15,98.29,98.46,98.1337,98.45,7471994.0
2023-06-16,98.09,98.275,97.905,98.14,5653727.0
2023-06-20,98.28,98.505,98.17,98.32,6694188.0
2023-06-21,98.09,98.53,97.975,98.48,5579941.0
2023-06-22,98.17,98.325,97.92,97.97,7147656.0
2023-06-23,98.49,98.5,98.1,98.26,4792937.0
2023-06-26,98.5,98.5125,98.31,98.38,10632271.0
2023-06-27,98.45,98.585,98.1,98.19,7803348.0
2023-06-28,98.34,98.535,98.2,98.48,8622853.0
2023-06-29,97.8,97.87,97.61,97.72,8877566.0
2023-06-30,97.86,98.1,97.74,97.95,13417260.0
2023-07-03,97.82,98.04,97.54,97.58,3691597.0
2023-07-05,97.51,97.53,97.05,97.14,6046567.0
2023-07-06,96.56,96.64,96.28,96.51,9534231.0
2023-07-07,96.4247,96.75,96.4247,96.53,8311015.0
2023-07-10,96.57,96.94,96.55,96.8,8827490.0
2023-07-11,96.94,97.0999,96.855,97.01,5978640.0
2023-07-12,97.51,97.8499,97.45,97.8,7189081.0
2023-07-13,98.18,98.44,98.115,98.41,7458509.0
2023-07-14,98.23,98.31,97.92,97.94,7208467.0
2023-07-17,97.95,98.1,97.85,98.05,4689526.0
2023-07-18,98.33,98.41,98.13,98.13,5593380.0
2023-07-19,98.35,98.48,98.185,98.43,7467923.0
2023-07-20,98.06,98.075,97.7344,97.92,12562376.0
2023-07-21,98.11,98.15,97.94,97.99,7605261.0
2023-07-24,98.1,98.155,97.79,97.81,6656685.0
2023-07-25,97.58,97.79,97.57,97.7,5794830.0
2023-07-26,97.93,98.065,97.68,98.02,5907376.0
2023-07-27,97.84,97.93,97.105,97.18,6937871.0
2023-07-28,97.39,97.59,97.3102,97.56,9233678.0
2023-07-31,97.53,97.8,97.5219,97.68,11079096.0
2023-08-01,97.01,97.09,96.71,96.77,8810799.0
2023-08-02,96.48,96.56,96.23,96.54,8551942.0
2023-08-03,95.93,96.0181,95.8,95.89,7532793.0
2023-08-04,96.25,96.75,96.25,96.68,6400359.0
2023-08-07,96.64,96.7,96.48,96.7,9732593.0
2023-08-08,96.94,97.1092,96.835,96.93,6867329.0
2023-08-09,97.01,97.1199,96.9136,97.0,5634703.0
2023-08-10,97.06,97.22,96.37,96.37,15516098.0
2023-08-11,96.12,96.415,96.07,96.07,9016684.0
2023-08-14,95.98,96.22,95.83,96.0,7901458.0
2023-08-15,95.81,96.07,95.74,95.74,6522465.0
2023-08-16,95.76,95.93,95.45,95.51,8964587.0
2023-08-17,95.5,95.5455,95.21,95.41,8162377.0
2023-08-18,95.47,95.7475,95.43,95.62,6154612.0
2023-08-21,95.255,95.3,95.04,95.14,13362274.0
2023-08-22,95.17,95.32,95.06,95.24,6156222.0
2023-08-23,95.75,96.15,95.731,96.15,7831606.0
2023-08-24,95.99,96.12,95.85,95.93,8247712.0
2023-08-25,95.82,96.08,95.5957,95.87,7917939.0
2023-08-28,96.1,96.11,95.925,96.08,6544469.0
2023-08-29,95.91,96.71,95.91,96.7,7386310.0
2023-08-30,96.78,96.825,96.62,96.66,8752362.0
2023-08-31,96.78,96.9557,96.715,96.8,7230076.0
2023-09-01,96.54,96.57,95.9825,96.04,8132478.0
2023-09-05,95.85,95.87,95.52,95.52,6111516.0
2023-09-06,95.63,95.64,95.31,95.43,8379217.0
2023-09-07,95.59,95.74,95.49,95.73,5077850.0
2023-09-08,95.93,96.02,95.76,95.78,4774309.0
2023-09-11,95.66,95.73,95.57,95.67,4077173.0
2023-09-12,95.71,95.73,95.5743,95.7,4583413.0
2023-09-13,95.61,95.95,95.59,95.84,5953577.0
2023-09-14,95.96,95.975,95.6801,95.71,5952843.0
2023-09-15,95.64,95.695,95.48,95.49,5667690.0
2023-09-18,95.37,95.6399,95.36,95.63,6066168.0
2023-09-19,95.54,95.59,95.35,95.35,5327873.0
2023-09-20,95.57,95.6981,95.3,95.3,6282734.0
2023-09-21,94.8,94.8059,94.64,94.65,8028921.0
2023-09-22,94.78,95.09,94.73,95.05,7294228.0
2023-09-25,94.49,94.6175,94.285,94.3,7485203.0
2023-09-26,94.47,94.505,94.15,94.18,15549166.0
2023-09-27,94.47,94.5122,93.6562,93.85,14560455.0
2023-09-28,93.7,94.16,93.5299,94.13,13334180.0
2023-09-29,94.5,94.565,93.97,94.04,13483638.0
2023-10-02,93.43,93.51,93.1,93.13,8880050.0
2023-10-03,92.99,93.086,92.3745,92.4,12058369.0
2023-10-04,92.77,93.05,92.55,93.05,14097771.0
2023-10-05,93.17,93.22,92.99,93.11,7129439.0
2023-10-06,92.46,92.98,92.3708,92.75,9569518.0
2023-10-09,93.22,93.72,93.15,93.71,4353218.0
2023-10-10,93.39,93.805,93.255,93.62,14553560.0
2023-10-11,93.94,94.05,93.76,94.05,15347037.0
2023-10-12,93.87,93.91,93.17,93.24,11189794.0
2023-10-13,93.68,93.79,93.5234,93.64,7516133.0
2023-10-16,93.32,93.405,93.1,93.12,6332779.0
2023-10-17,92.51,92.6873,92.35,92.45,8198418.0
2023-10-18,92.29,92.375,91.94,92.02,9352743.0
2023-10-19,91.89,92.165,91.61,91.67,11552719.0
2023-10-20,91.94,92.135,91.9006,92.0,6630026.0
2023-10-23,91.7,92.5,91.5819,92.36,12886000.0
2023-10-24,92.43,92.69,92.28,92.69,9165301.0
2023-10-25,92.33,92.35,91.92,92.0,8904428.0
2023-10-26,92.12,92.64,92.105,92.62,11574571.0
2023-10-27,92.56,92.6405,92.37,92.59,7650175.0
2023-10-30,92.29,92.505,92.1523,92.37,8166711.0
2023-10-31,92.45,92.63,92.31,92.31,12343606.0
2023-11-01,92.23,93.05,92.23,93.05,14404642.0
2023-11-02,93.68,93.76,93.37,93.61,11166742.0
2023-11-03,94.54,94.685,94.14,94.18,11890348.0
2023-11-06,93.93,93.99,93.634,93.71,8521632.0
2023-11-07,93.94,94.36,93.91,94.21,7306930.0
2023-11-08,94.27,94.6154,94.25,94.53,6932255.0
2023-11-09,94.42,94.44,93.73,93.74,9163165.0
2023-11-10,94.19,94.215,93.88,93.96,6101956.0
2023-11-13,93.64,93.97,93.53,93.95,9679644.0
2023-11-14,95.03,95.2,94.93,95.13,12149610.0
2023-11-15,94.7,94.715,94.455,94.54,10956776.0
2023-11-16,94.85,95.1979,94.85,95.06,10145390.0
2023-11-17,95.21,95.36,95.025,95.25,9244042.0
2023-11-20,95.07,95.42,95.07,95.4,10051654.0
2023-11-21,95.45,95.5699,95.28,95.5,7393840.0
2023-11-22,95.68,95.75,95.37,95.59,6329863.0
2023-11-24,95.24,95.3158,95.12,95.15,2944257.0
2023-11-27,95.36,95.72,95.33,95.69,8854641.0
2023-11-28,95.61,96.13,95.565,96.11,9749395.0
2023-11-29,96.42,96.665,96.3414,96.58,8006828.0
2023-11-30,96.38,96.41,96.13,96.26,8889239.0
2023-12-01,96.0,96.869,95.97,96.83,11774334.0
2023-12-04,96.58,96.6678,96.3135,96.46,9440199.0
2023-12-05,96.85,97.145,96.785,97.1,8850641.0
2023-12-06,97.24,97.49,97.15,97.35,11111209.0
2023-12-07,97.22,97.56,97.22,97.38,7157947.0
2023-12-08,96.99,97.065,96.7217,96.89,6696783.0
2023-12-11,96.8,96.95,96.6,96.9,15008723.0
2023-12-12,96.94,97.19,96.8213,97.19,11711463.0
2023-12-13,97.39,98.45,97.3299,98.41,11194420.0
2023-12-14,98.68,99.04,98.6102,98.92,12651257.0
2023-12-15,98.8,98.88,98.59,98.69,10079311.0
2023-12-18,98.58,98.58,98.42,98.49,11521007.0
2023-12-19,98.63,98.777,98.59,98.61,10921048.0
2023-12-20,98.87,99.04,98.69,98.97,9994103.0
2023-12-21,99.22,99.255,98.83,98.96,9099118.0
2023-12-22,99.13,99.135,98.805,98.83,13234679.0
2023-12-26,98.93,99.08,98.89,99.03,5418487.0
2023-12-27,99.4,99.7,99.3127,99.66,6917319.0
2023-12-28,99.54,99.65,99.3127,99.44,7172285.0
2023-12-29,99.2,99.425,99.13,99.25,7327825.0
2024-01-02,98.84,98.97,98.725,98.78,9754476.0
2024-01-03,98.45,98.9367,98.3114,98.83,10002137.0
2024-01-04,98.42,98.5499,98.325,98.43,9896688.0
2024-01-05,98.13,98.69,98.0694,98.2,9035370.0
2024-01-08,98.24,98.71,98.205,98.57,7946495.0
2024-01-09,98.39,98.66,98.39,98.55,7157411.0
2024-01-10,98.74,98.8,98.36,98.36,7679382.0
2024-01-11,98.53,98.9599,98.41,98.92,7275940.0
2024-01-12,99.14,99.36,98.96,99.1,6359407.0
2024-01-16,98.72,98.85,98.2701,98.36,14489797.0
2024-01-17,98.16,98.2099,97.94,98.09,8977600.0
2024-01-18,98.16,98.195,97.89,98.0,10575151.0
2024-01-19,97.89,98.02,97.6714,98.02,9126093.0
2024-01-22,98.26,98.3556,98.1,98.2,8712582.0
2024-01-23,97.99,98.0,97.82,97.96,5642997.0
2024-01-24,98.29,98.33,97.7,97.74,11243579.0
2024-01-25,98.01,98.2,97.96,98.18,16521614.0
2024-01-26,98.2,98.2,97.984,98.07,5022843.0
2024-01-29,98.3,98.53,98.1918,98.46,6423562.0
2024-01-30,98.64,98.69,98.29,98.65,6740125.0
2024-01-31,99.0,99.26,98.81,99.1,10829125.0
2024-02-01,99.2,99.565,99.02,99.37,11937364.0
2024-02-02,98.49,98.62,98.2616,98.46,8422612.0
2024-02-05,97.89,97.91,97.56,97.65,7656888.0
2024-02-06,97.79,98.2,97.775,98.16,6608583.0
2024-02-07,97.99,98.28,97.94,97.96,8785226.0
2024-02-08,97.78,97.84,97.62,97.66,12446860.0
2024-02-09,97.54,97.63,97.495,97.63,7120463.0
2024-02-12,97.7,97.745,97.52,97.65,5696254.0
2024-02-13,97.04,97.095,96.75,96.75,15872616.0
2024-02-14,96.84,97.215,96.84,97.18,8776901.0
2024-02-15,97.49,97.55,97.2301,97.41,7194549.0
2024-02-16,96.95,97.1,96.895,97.1,7723697.0
2024-02-20,97.23,97.3575,97.16,97.19,8735680.0
2024-02-21,97.28,97.28,96.8653,96.9,7785144.0
2024-02-22,96.93,97.09,96.84,96.98,7538284.0
2024-02-23,96.99,97.39,96.99,97.34,7738039.0
2024-02-26,97.34,97.35,96.97,97.13,9374597.0
2024-02-27,97.1,97.215,96.94,97.0,9065486.0
2024-02-28,97.07,97.23,97.0133,97.19,7942456.0
2024-02-29,97.38,97.555,97.29,97.35,16774092.0
2024-03-01,96.99,97.55,96.81,97.53,8994931.0
2024-03-04,97.26,97.3801,97.23,97.29,7428243.0
2024-03-05,97.69,97.92,97.6,97.82,6815524.0
2024-03-06,97.95,98.1601,97.91,97.97,16536204.0
2024-03-07,98.22,98.24,97.97,98.18,7726663.0
2024-03-08,98.34,98.405,98.19,98.27,7168723.0
2024-03-11,98.28,98.31,98.09,98.16,11348181.0
2024-03-12,98.02,98.04,97.8,97.91,7470976.0
2024-03-13,97.82,97.93,97.73,97.73,5846630.0
2024-03-14,97.48,97.48,97.1,97.11,10540886.0
2024-03-15,97.15,97.195,97.02,97.1,5756900.0
2024-03-18,97.07,97.12,96.92,97.0,5227228.0
2024-03-19,97.15,97.3391,97.105,97.24,5076659.0
2024-03-20,97.29,97.63,97.13,97.44,8681408.0
2024-03-21,97.62,97.68,97.41,97.51,10100253.0
2024-03-22,97.91,97.91,97.74,97.82,8359208.0
2024-03-25,97.76,97.76,97.57,97.64,11037736.0
2024-03-26,97.66,97.76,97.52,97.74,8830456.0
2024-03-27,97.8,98.075,97.79,98.06,9366825.0
2024-03-28,97.93,98.08,97.85,97.94,8863332.0
2024-04-01,97.32,97.34,96.89,96.94,8628676.0
2024-04-02,96.66,96.89,96.54,96.87,10547678.0
2024-04-03,96.58,96.95,96.485,96.93,6918211.0
2024-04-04,97.11,97.17,96.92,97.16,9255643.0
2024-04-05,96.76,96.995,96.675,96.68,12277742.0
2024-04-08,96.56,96.7,96.5,96.59,11201081.0
2024-04-09,96.83,96.98,96.83,96.92,5731034.0
2024-04-10,96.22,96.27,95.74,95.76,11248929.0
2024-04-11,95.98,96.025,95.59,95.78,16217807.0
2024-04-12,96.08,96.1963,95.96,95.96,17284702.0
2024-04-15,95.47,95.53,95.205,95.38,11705252.0
2024-04-16,95.01,95.175,94.9,95.11,17565923.0
2024-04-17,95.4,95.61,95.25,95.55,7567782.0
2024-04-18,95.55,95.57,95.2201,95.28,7717474.0
2024-04-19,95.53,95.55,95.33,95.38,9121718.0
2024-04-22,95.33,95.525,95.32,95.44,9029044.0
2024-04-23,95.38,95.84,95.3,95.64,10837186.0
2024-04-24,95.38,95.465,95.2001,95.39,7960989.0
2024-04-25,94.94,95.14,94.85,95.12,6758125.0
2024-04-26,95.32,95.4698,95.3,95.33,8442514.0
2024-04-29,95.6,95.67,95.45,95.62,7384591.0
2024-04-30,95.32,95.5,95.15,95.23,11228466.0
2024-05-01,95.2,95.58,94.99,95.27,11017676.0
2024-05-02,95.27,95.73,95.22,95.7,7607332.0
2024-05-03,96.32,96.455,95.93,96.19,9146714.0
2024-05-06,96.21,96.33,96.15,96.26,10155471.0
2024-05-07,96.53,96.67,96.38,96.46,7686999.0
2024-05-08,96.25,96.3453,96.2318,96.26,4587251.0
2024-05-09,96.2,96.53,96.19,96.44,6732586.0
2024-05-10,96.26,96.325,96.16,96.24,5326446.0
2024-05-13,96.44,96.4674,96.28,96.29,5263260.0
2024-05-14,96.5,96.64,96.42,96.55,5243275.0
2024-05-15,97.11,97.28,96.9801,97.19,5846511.0
2024-05-16,97.23,97.27,97.01,97.08,7894451.0
2024-05-17,96.92,96.9986,96.77,96.77,5267144.0
2024-05-20,96.71,96.76,96.665,96.68,5262987.0
2024-05-21,96.92,96.945,96.83,96.86,5227948.0
2024-05-22,96.66,96.8899,96.65,96.74,3823632.0
2024-05-23,96.83,96.83,96.37,96.47,5094928.0
2024-05-24,96.43,96.62,96.39,96.58,3072140.0
2024-05-28,96.67,96.69,96.12,96.13,6046075.0
2024-05-29,95.91,95.93,95.6317,95.76,8249084.0
2024-05-30,96.08,96.23,96.02,96.21,5568856.0
2024-05-31,96.46,96.5886,96.41,96.52,8762935.0
2024-06-03,96.4,96.8,96.38,96.8,6095674.0
2024-06-04,97.0,97.24,96.94,97.15,3979112.0
2024-06-05,97.29,97.45,97.04,97.45,4602541.0
2024-06-06,97.31,97.5,97.31,97.48,6568939.0
2024-06-07,96.82,96.82,96.62,96.62,5364971.0
2024-06-10,96.52,96.5875,96.4301,96.54,8235950.0
2024-06-11,96.64,96.93,96.56,96.87,4650303.0
2024-06-12,97.6,97.8116,97.31,97.33,7627065.0
2024-06-13,97.7,97.93,97.58,97.82,7094817.0
2024-06-14,97.85,98.045,97.85,97.92,6239526.0
2024-06-17,97.57,97.6,97.445,97.57,5265075.0
2024-06-18,97.7,98.04,97.6754,97.92,7030650.0
2024-06-20,97.55,97.77,97.515,97.75,5621633.0
2024-06-21,97.89,97.98,97.645,97.76,4715500.0
2024-06-24,97.82,97.86,97.72,97.84,5017272.0
2024-06-25,97.78,97.88,97.7118,97.83,5701669.0
2024-06-26,97.43,97.49,97.37,97.39,4964125.0
2024-06-27,97.56,97.67,97.535,97.55,5276457.0
2024-06-28,97.77,97.795,97.07,97.07,12781548.0
2024-07-01,96.43,96.66,96.22,96.25,12239104.0
2024-07-02,96.64,96.6702,96.441,96.57,5441965.0
2024-07-03,96.8,97.165,96.77,97.09,4061079.0
2024-07-05,97.45,97.63,97.305,97.58,3490062.0
2024-07-08,97.59,97.65,97.45,97.61,4603072.0
2024-07-09,97.51,97.605,97.34,97.52,5004874.0
2024-07-10,97.61,97.67,97.485,97.62,4586211.0
2024-07-11,98.18,98.31,98.09,98.12,3790200.0
2024-07-12,98.17,98.39,98.1302,98.39,6329054.0
2024-07-15,98.15,98.28,98.025,98.05,6984734.0
2024-07-16,98.18,98.45,98.14,98.45,8936096.0
2024-07-17,98.26,98.57,98.23,98.52,5680415.0
2024-07-18,98.37,98.56,98.21,98.25,10584197.0
2024-07-19,98.04,98.0969,97.97,98.05,7735774.0
2024-07-22,98.12,98.2,97.8625,98.01,11657644.0
2024-07-23,98.095,98.18,97.98,98.0,7225976.0
2024-07-24,97.82,98.19,97.7,97.7,6578527.0
2024-07-25,97.84,98.135,97.82,97.97,12766232.0
2024-07-26,98.29,98.3574,98.18,98.32,4243795.0
2024-07-29,98.54,98.54,98.37,98.48,6822624.0
2024-07-30,98.52,98.64,98.38,98.58,5845841.0
2024-07-31,98.81,99.12,98.6493,99.11,11725122.0
2024-08-01,99.01,99.32,99.005,99.22,9642741.0
2024-08-02,99.88,100.37,99.8,100.33,9397607.0
2024-08-05,100.82,100.89,100.0205,100.25,12066084.0
2024-08-06,100.14,100.155,99.625,99.65,10945179.0
2024-08-07,99.51,99.6142,99.24,99.35,8085207.0
2024-08-08,99.11,99.28,99.07,99.2,5558079.0
2024-08-09,99.64,99.7,99.48,99.55,3879241.0
2024-08-12,99.47,99.78,99.41,99.72,7300711.0
2024-08-13,100.04,100.12,99.93,100.12,3925473.0
2024-08-14,100.15,100.4,100.14,100.3,9871619.0
2024-08-15,99.7,99.9,99.65,99.88,8628478.0
2024-08-16,100.03,100.12,99.85,100.12,6507875.0
2024-08-19,100.07,100.3374,100.04,100.23,4690310.0
2024-08-20,100.41,100.56,100.33,100.53,5516765.0
2024-08-21,100.61,100.9,100.43,100.72,6366682.0
2024-08-22,100.54,100.565,100.23,100.31,7893691.0
2024-08-23,100.52,100.81,100.43,100.77,6179548.0
2024-08-26,100.92,100.92,100.66,100.68,6653194.0
2024-08-27,100.48,100.74,100.43,100.71,7965500.0
2024-08-28,100.71,100.77,100.6,100.62,6960499.0
2024-08-29,100.45,100.55,100.3506,100.49,6912660.0
2024-08-30,100.51,100.64,100.22,100.25,7213235.0
2024-09-03,100.32,100.53,100.23,100.36,6837399.0
2024-09-04,100.43,100.85,100.4,100.8,10649923.0
2024-09-05,101.02,101.115,100.75,101.06,11921947.0
2024-09-06,101.13,101.595,100.97,101.19,8830177.0
2024-09-09,101.15,101.429,101.05,101.34,7569256.0
2024-09-10,101.34,101.7,101.31,101.65,5979509.0
2024-09-11,101.51,101.85,101.46,101.62,4184407.0
2024-09-12,101.56,101.65,101.38,101.53,6419517.0
2024-09-13,101.76,101.82,101.62,101.74,5330629.0
2024-09-16,101.83,102.04,101.7482,101.98,8425911.0
2024-09-17,101.99,102.0301,101.825,101.88,9256001.0
2024-09-18,101.68,102.03,101.53,101.56,6280106.0
2024-09-19,101.41,101.6101,101.3701,101.57,5079896.0
2024-09-20,101.43,101.65,101.315,101.48,8464907.0
2024-09-23,101.34,101.59,101.185,101.44,8428058.0
2024-09-24,101.27,101.619,101.22,101.58,5803587.0
2024-09-25,101.42,101.4265,101.19,101.19,9259117.0
2024-09-26,101.32,101.35,101.0,101.21,8124446.0
2024-09-27,101.41,101.56,101.325,101.5,5033279.0
2024-09-30,101.44,101.4794,101.14,101.27,9105421.0
2024-10-01,101.27,101.445,101.15,101.23,8811488.0
2024-10-02,100.88,101.1056,100.805,101.02,11700908.0
2024-10-03,100.85,100.8867,100.59,100.61,8751191.0
2024-10-04,100.1,100.14,99.8901,99.96,9641064.0
2024-10-07,99.64,99.765,99.58,99.62,6382168.0
2024-10-08,99.52,99.79,99.49,99.79,7340131.0
2024-10-09,99.64,99.67,99.47,99.53,8218472.0
2024-10-10,99.45,99.55,99.2338,99.47,5757678.0
2024-10-11,99.41,99.62,99.36,99.5,4878672.0
2024-10-14,99.2,99.42,99.1701,99.41,3512569.0
2024-10-15,99.74,99.84,99.68,99.81,7158682.0
2024-10-16,99.96,100.04,99.87,99.94,4741263.0
2024-10-17,99.6,99.66,99.42,99.45,5306334.0
2024-10-18,99.63,99.675,99.5,99.52,4973029.0
2024-10-21,99.18,99.205,98.83,98.83,6874029.0
2024-10-22,98.93,99.01,98.77,98.85,11401906.0
2024-10-23,98.57,98.76,98.4815,98.6,19660142.0
2024-10-24,98.68,98.95,98.6,98.79,7559385.0
2024-10-25,98.97,98.99,98.54,98.59,9028548.0
2024-10-28,98.64,98.65,98.2946,98.43,7363142.0
2024-10-29,98.12,98.56,98.0871,98.54,5421716.0
2024-10-30,98.75,98.94,98.4,98.44,11188376.0
2024-10-31,98.32,98.5789,98.1501,98.42,12754774.0
2024-11-01,98.29,98.38,97.6801,97.72,10387261.0
2024-11-04,98.25,98.375,97.9538,98.13,6630091.0
2024-11-05,98.09,98.39,97.86,98.36,6663038.0
2024-11-06,97.43,97.8199,97.355,97.59,9158058.0
2024-11-07,97.96,98.54,97.9,98.33,17402306.0
2024-11-08,98.48,98.715,98.3748,98.5,6199838.0
